{"lib/assets/1.png":["lib/assets/1.png"],"lib/assets/3.png":["lib/assets/3.png"],"lib/assets/4.png":["lib/assets/4.png"],"lib/assets/5.png":["lib/assets/5.png"],"lib/assets/6.png":["lib/assets/6.png"],"lib/assets/7.png":["lib/assets/7.png"],"lib/assets/8.png":["lib/assets/8.png"],"lib/assets/sun.png":["lib/assets/sun.png"],"lib/assets/temperature.png":["lib/assets/temperature.png"],"lib/assets/windy.png":["lib/assets/windy.png"],"packages/cupertino_icons/assets/CupertinoIcons.ttf":["packages/cupertino_icons/assets/CupertinoIcons.ttf"]}